Term,Lag,P_Value,Significance
a influenza,1,0.0401320052481363,Uncorrected
bronchitis,1,0.04336070494125119,Uncorrected
bronchitis,3,0.03440870370114583,Uncorrected
cold,1,4.8329949821474845e-06,Bonferroni
sinus,1,0.02714141423270409,Uncorrected
sinus,3,0.02721132170110319,Uncorrected
