Term,Lag,P_Value,Significance
cold,2,0.00032353764425806594,Bonferroni
the flu,2,0.003403292471793426,FDR
